City,Temperature,Condition
Accra,73 °F,Passing clouds. Mild.
Addis Ababa,55 °F,Partly sunny. Cool.
Adelaide,62 °F,Cool.
Algiers,76 °F,Passing clouds. Mild.
Almaty,72 °F,Clear. Mild.
Amman,68 °F,Haze. Mild.
Amsterdam*,59 °F,Passing clouds. Cool.
Anadyr,50 °F,Passing clouds. Cool.
Anchorage*,56 °F,Rain. Fog. Cool.
Ankara,66 °F,Passing clouds. Mild.
Antananarivo,59 °F,Passing clouds. Cool.
Asuncion,57 °F,Mostly cloudy. Cool.
Athens*,77 °F,Warm.
Atlanta*,75 °F,Clear. Mild.
Auckland,61 °F,Overcast. Cool.
Bangkok,90 °F,Scattered clouds. Hot.
Barcelona*,73 °F,Passing clouds. Mild.
Beijing,78 °F,Sunny. Warm.
Beirut*,79 °F,Passing clouds. Warm.
Belgrade*,67 °F,Clear. Mild.
Bengaluru,77 °F,Scattered clouds. Warm.
Berlin*,64 °F,Rain showers. Passing clouds. Mild.
Bogota,54 °F,Passing clouds. Cool.
Boston*,66 °F,Partly cloudy. Mild.
Brasilia,70 °F,Passing clouds. Mild.
Brisbane,79 °F,Mild.
Brussels*,55 °F,Clear. Cool.
Bucharest*,61 °F,Sunny. Cool.
Budapest*,64 °F,Sunny. Mild.
Buenos Aires,46 °F,Passing clouds. Cool.
Cairo*,77 °F,Passing clouds. Warm.
Calgary*,52 °F,Passing clouds. Cool.
Canberra,59 °F,Sunny. Refreshingly cool.
Cape Town,59 °F,Passing clouds. Cool.
Caracas,79 °F,Passing clouds. Warm.
Casablanca*,68 °F,Mild.
Chicago*,60 °F,Passing clouds. Cool.
Copenhagen*,66 °F,Overcast. Mild.
Dallas*,88 °F,Passing clouds. Hot.
Dar es Salaam,66 °F,Fog. Mild.
Darwin,90 °F,Passing clouds. Hot.
Denver*,67 °F,Partly cloudy. Mild.
Detroit*,58 °F,Clear. Cool.
Dhaka,91 °F,Scattered clouds. Hot.
Doha,95 °F,Scattered clouds. Extremely hot.
Dubai,95 °F,Passing clouds. Extremely hot.
Dublin*,54 °F,Passing clouds. Cool.
